week,date,area,obs_counts,exp_counts
0,47860.45833333,3,2,60.11
1,47867.45833333,0,0,0.0
2,47874.45833333,0,0,0.0
3,47881.45833333,0,0,0.0
4,47888.45833333,0,0,0.0
5,47895.45833333,0,0,0.0
6,47902.45833333,0,0,0.0
7,47909.45833333,0,0,0.0
8,47916.45833333,0,0,0.0
9,47923.45833333,0,0,0.0
10,47930.45833333,0,0,0.0
11,47937.45833333,0,0,0.0
12,47944.45833333,0,0,0.0
13,47951.45833333,0,0,0.0
14,47958.45833333,0,0,0.0
15,47965.45833333,0,0,0.0
16,47972.45833333,0,0,0.0
17,47979.45833333,0,0,0.0
18,47986.45833333,0,0,0.0
19,47993.45833333,0,0,0.0
20,48005.97082237,11,11,8060.0
21,48007.45833333,0,0,0.0
22,48014.45833333,0,0,0.0
23,48023.72239228,4,2,0.6
24,48031.63350309,2,2,31.0
25,48035.45833333,0,0,0.0
26,48042.90711524,6,2,8145.3
27,48049.45833333,0,0,0.0
28,48056.45833333,0,0,0.0
29,48063.45833333,0,0,0.0
30,48073.35988877,28,14,1702.0
31,48080.63974997,42,21,2553.0
32,48084.80641667,42,21,2553.0
33,48097.86613897,14,7,851.0
34,48098.45833333,0,0,0.0
35,48106.20086131,20,10,893.2
36,48112.46822245,14,7,851.0
37,48120.27565166,39,33,22646.375
38,48126.55294483,89,73,30138.785000000003
39,48133.45833333,0,0,0.0
40,48141.31822133,18,16,86645.135
41,48151.06336181,37,37,14633.875
42,48154.82169517,19,14,6568.25
43,48165.59113978,6,6,720.0
44,48168.5612787,22,22,2500.1099999999997
45,48176.26822253,2,2,240.0
46,48182.45833333,0,0,0.0
47,48191.70850185,4,4,2880.0
48,48200.12586157,17,17,472.0
49,48204.31752828,32,32,704.0
50,48212.06336166,221,174,3106.800000000001
51,48217.68697284,13,7,956.625
52,48224.45833333,0,0,0.0
53,48234.7689174,14,14,679.1200000000001
54,48238.77725073,23,23,7750.02
55,48251.65572307,20,12,132.0
56,48252.46197307,21,17,667.75
57,48260.72238978,3,3,580.0
58,48267.95918264,1,1,230.0
59,48277.93844054,7,7,3835.25
60,48280.45833333,0,0,0.0
61,48291.09668284,9,9,1272.35
62,48295.05362728,9,9,1102.0
63,48304.58834957,34,34,14018.0
64,48309.16959962,32,30,11666.725
65,48316.5890441,23,23,10934.0
66,48323.59876635,59,59,3056.440000000003
67,48331.50015529,25,19,14591.25
68,48336.5795752,20,18,16178.0
69,48343.54807207,15,15,2946.0
70,48351.16185536,22,22,25374.0
71,48357.83696103,26,17,3246.0
72,48365.3841833,52,38,17404.2199708
73,48371.91196115,29,29,11502.5
74,48378.69668279,1,1,260.0
75,48385.877473989996,48,48,29581.6
76,48394.29325675,34,28,13422.525
77,48399.46547897,73,68,21223.54
78,48406.54603457,40,37,5700.300000000001
79,48414.06997416,54,50,103309.0
80,48420.80645135,28,24,18178.0
81,48427.45923064,34,28,21618.75
82,48434.4631456,58,49,31223.25
83,48441.52860865,68,58,35175.25
84,48449.35755544,56,41,34933.125
85,48455.61686825,88,72,52762.25
86,48462.51569209,51,50,51213.0
87,48469.46270312,80,80,20660.5
88,48476.51478507,21,20,10393.0
89,48483.64395324,67,64,28952.0
90,48490.5758963,69,53,54479.0
91,48497.58839633,40,25,13702.75
92,48504.70992416,133,80,23077.174999999992
93,48511.47467392,59,54,25834.125
94,48518.46688461,18,17,13273.125
95,48525.563398,38,34,30304.625
96,48532.83739977,74,56,47742.75
97,48539.61544957,43,38,29744.375
98,48546.46827373,74,67,27355.65
99,48553.8661745,69,42,38745.375
100,48560.70575791,94,72,24507.5
101,48567.8752024,69,60,13196.225000000006
102,48574.57838966,76,57,42544.25
103,48581.48423171,81,48,57915.75
104,48588.47932723,61,47,58896.875
105,48595.50400321,28,27,25344.0
106,48603.19673041,57,40,31930.375
107,48609.74273017,21,21,17926.25
108,48616.6495083,41,34,13611.75
109,48623.48636455,96,76,84015.375
110,48630.49256539,62,52,57827.5
111,48641.10992512,63,54,32801.875
112,48644.48214737,54,41,26443.625
113,48651.89256409,66,47,25574.25
114,48658.59256247,71,57,44414.7
115,48665.89117508,44,28,37894.0
116,48672.65159182,42,32,38454.125
117,48679.48756698,52,50,22124.324999999993
118,48687.61329622,31,26,14528.75
119,48694.17246293,44,38,40811.0
120,48701.30528707,25,23,31157.0
121,48710.07875359,16,16,8018.0
122,48714.46409071,30,27,7132.189999999999
123,48721.50436999,49,46,26334.36
124,48731.38839788,17,17,14209.96
125,48735.62172978,70,55,29368.6
126,48742.4620076,45,36,9968.5
127,48750.0654799,101,87,104626.35
128,48757.49950918,67,64,9789.599999999997
129,48763.51756481,33,29,27786.0
130,48770.99673009,32,30,7339.0
131,48778.4092316,11,9,10520.0
132,48784.56131354,30,26,11537.375
133,48792.24464696,17,16,6872.5
134,48799.298112,31,30,17083.7
135,48806.23005216,61,49,32759.75
136,48812.61060775,43,39,8571.75
137,48819.59255228,84,40,20867.634999990463
138,48826.71408013,69,68,43926.125
139,48833.45833333,0,0,0.0
140,48840.61895691,153,107,118117.25
141,48847.47818584,90,78,67349.50000000001
142,48854.68840289,139,94,56875.6
143,48862.09743075,118,80,77794.45000000001
144,48868.46323233,104,57,68076.0
145,48876.06895865,112,82,97468.56
146,48882.46190142,71,59,52786.3
147,48889.85923654,90,56,50583.55
148,48896.46548661,42,39,51862.625
149,48903.56687554,87,66,60915.25
150,48910.4620145,121,91,82109.20000000001
151,48918.77868125,74,56,63378.0
152,48924.51826462,120,90,54331.575
153,48931.86756883,48,34,33461.0
154,48938.95367998,97,80,56317.75
155,48945.57173704,69,55,57029.5
156,48952.52868013,72,68,34666.25
157,48959.50368163,96,71,70222.66
158,48966.55507057,115,107,30619.170000000016
159,48974.99951366,10,8,7801.0
160,48981.75437627,87,63,67735.625
161,48987.70993186,92,79,45607.905
162,48995.01135845,61,44,43188.75
163,49001.49465425,62,50,74693.125
164,49008.5106265,32,19,24220.0
165,49018.93215297,38,25,26107.5
166,49022.48770999,43,41,38675.5
167,49029.49396003,96,70,67944.5
168,49036.55576424,80,71,28914.375
169,49043.51965321,60,46,24563.75
170,49050.5118914,55,42,20999.25
171,49057.48330351,50,39,37374.5
172,49065.25339615,72,62,44418.6
173,49071.45833333,0,0,0.0
174,49078.61757164,72,66,22129.0
175,49086.50298839,23,20,8800.75
176,49092.65141725,66,51,46841.75
177,49099.53909962,47,44,46634.0
178,49106.5002108,59,58,60776.5
179,49113.47729421,46,46,45180.75
180,49120.49534985,35,31,31857.75
181,49127.46201655,31,26,35183.75
182,49134.62104441,129,106,40291.95000000001
183,49141.54737839,42,37,44193.25
184,49148.69535012,75,63,62218.75
185,49155.50015633,87,77,80547.0
186,49162.47103654,84,77,69210.0
187,49169.53352503,88,63,39069.65
188,49176.47310841,37,33,30522.9
189,49183.78908071,67,63,64530.5
190,49190.87102381,26,20,23083.25
191,49199.42727531,25,15,12135.300000011921
192,49205.05574615,76,48,38017.5
193,49211.47241432,76,65,30779.52500000596
194,49219.39810883,20,18,8938.0
195,49227.34533113,76,67,20513.125
196,49233.92449788,134,133,104867.75
197,49239.68522998,52,40,42325.125
198,49246.81408128,42,30,42203.5
199,49253.47380359,87,72,73235.25
200,49260.4979848,60,49,51128.625
201,49268.3286649,47,26,27420.125
202,49274.69672508,96,72,63809.625
203,49281.50575289,59,47,27810.774999946356
204,49289.06894737,41,31,41274.625
205,49295.83561404,65,52,89687.875
206,49305.93422373,67,56,48900.0
207,49309.48491814,110,97,87243.70000000298
208,49316.45922512,100,73,79646.25
209,49323.55505845,6,4,6000.0
210,49330.45833333,0,0,0.0
211,49341.40367341,7,4,62.0
212,49350.76825825,16,16,2970.22
213,49352.08700683,96,68,12842.659999999998
214,49359.28284167,61,60,63059.0
215,49365.94186806,8,8,1120.0
216,49376.20923071,47,37,26411.0
217,49381.94316887,45,45,28378.75
218,49386.4675627,90,80,80486.625
219,49393.78353646,170,117,115558.125
220,49400.46036814,128,103,65754.5
221,49407.4842309,135,106,83758.0
222,49414.48700868,321,202,157085.185
223,49421.46200872,277,172,142532.905
224,49428.4967309,160,112,79667.53
225,49435.72520316,212,109,94768.25
226,49442.49811983,126,109,78080.375
227,49449.62798098,65,55,45315.25
228,49457.09117392,122,108,70151.25
229,49463.63284059,123,108,75736.625
230,49470.45853649,83,76,39625.5
231,49477.49673098,225,195,114998.75
232,49484.47659071,238,205,122596.31999999999
233,49491.65367392,138,126,80936.45999999999
234,49498.4904809,158,126,108217.875
235,49505.7814517,125,80,78041.0
236,49512.48770321,68,60,69671.75
237,49520.1383976,185,155,153253.1
238,49526.58839757,169,141,106992.5
239,49533.63977913,120,83,84220.0
240,49543.68292608,84,69,65366.25
241,49547.62658064,467,361,79462.86000000003
242,49554.45852369,299,252,65495.650000000016
243,49561.86616409,279,212,104685.00000000004
244,49568.48005304,172,130,131680.0
245,49575.46546979,245,219,110265.0
246,49582.48074618,621,503,168905.4399999999
247,49589.46338661,131,97,85566.0
248,49596.5981083,174,142,105461.72999999998
249,49603.47796941,220,203,132896.41000000003
250,49610.47241381,161,151,101601.61
251,49618.04046791,311,214,124215.70000000001
252,49624.60366381,246,196,146995.25
253,49631.51338603,202,162,123026.89999999998
254,49638.47658047,244,223,116195.0
255,49645.48977928,147,114,74249.7
256,49652.49741959,232,193,156155.455
257,49659.69325293,141,123,150840.0
258,49666.52172515,171,134,103923.75
259,49673.56130848,115,73,68516.825
260,49680.50089182,266,210,128579.175
261,49687.49255845,193,145,135156.125
262,49694.49741956,214,196,117995.0
263,49701.49116814,138,110,64819.25
264,49708.47797523,193,143,128758.0
265,49715.66339198,188,129,119977.7
266,49722.47589059,155,96,80424.0
267,49729.51200321,252,231,140179.0
268,49736.49186296,200,165,130658.875
269,49744.13492002,135,118,80978.4
270,49750.50019788,218,143,100358.875
271,49757.50436462,236,158,117014.24999999999
272,49764.52589182,342,268,183257.62499999997
273,49771.49394595,271,222,141443.65499999997
274,49778.53561409,164,148,110380.18000000002
275,49785.48908626,130,99,97690.0
276,49792.4758919,204,160,57180.5
277,49799.46616964,181,142,114990.0
278,49806.58075297,189,168,132509.40000000005
279,49813.46686412,284,192,76844.8
280,49820.49047388,168,136,110318.0
281,49827.87311409,201,176,103814.5
282,49834.45853075,208,151,71339.40000000005
283,49841.75853075,144,118,57138.0
284,49848.47589186,94,83,57677.0
285,49856.0897794,221,182,107135.7
286,49862.52103075,203,170,134459.3
287,49869.49325297,217,180,151901.66
288,49876.47172515,109,97,112701.16
289,49883.50436409,110,85,105177.5
290,49890.50575297,187,144,84469.82
291,49897.47589186,291,181,159240.08999999997
292,49904.4745015,268,230,131765.03000000003
293,49911.55575159,632,361,90430.2
294,49918.49548966,446,289,134486.18500000003
295,49926.15644598,181,147,92190.53
296,49932.51200297,132,104,90557.0
297,49939.56686262,617,401,101370.11
298,49946.45922373,175,142,144972.005
299,49953.46755853,169,156,158982.0
300,49960.46894742,269,215,132597.5
301,49967.65991968,152,128,72014.5
302,49974.56755706,160,148,79772.25
303,49982.51789707,145,139,60723.15
304,49988.63283634,385,262,89240.07999999997
305,49995.46269598,336,292,123660.805
306,50002.49464043,295,242,118426.0
307,50009.53839186,314,231,134751.0
308,50016.49464186,201,168,128344.03
309,50023.46755865,250,202,147693.0
310,50030.80436412,213,179,109062.275
311,50037.48353079,312,248,122698.82
312,50044.73422531,241,201,138782.915
313,50051.6613086,331,273,182742.39999999997
314,50058.5988086,237,209,99384.65
315,50065.46200304,328,228,263111.5
316,50072.46061412,484,244,395300.0
317,50079.49325301,252,196,157860.25
318,50086.47171374,318,254,170556.51
319,50094.11268608,243,170,129674.5
320,50100.49046389,167,152,122325.0
321,50107.45921397,244,218,177351.5
322,50114.5015752,127,107,46221.100000000006
323,50121.60504745,176,157,144724.6
324,50128.73490865,197,160,122778.65000000001
325,50135.48143576,213,168,155341.02
326,50142.54601918,489,339,125698.76999999999
327,50149.50851779,262,158,133037.5
328,50156.67449005,246,196,103478.95
329,50163.76893446,273,212,132382.61
330,50170.47935255,337,236,115025.78999999996
331,50177.51269167,252,219,109973.80000000002
332,50184.67033056,173,140,99130.49500000002
333,50191.55852497,284,239,146212.24
334,50198.56477503,209,173,100129.1
335,50205.47449722,261,236,162537.80999999988
336,50212.49880281,294,275,134164.56
337,50219.46824726,172,130,143092.10000000003
338,50226.52171944,154,119,76181.06499999999
339,50233.48491392,344,304,165544.225
340,50240.47071547,206,171,148530.44
341,50247.77727365,169,127,79959.375
342,50254.48213619,232,199,109397.75
343,50261.48838619,154,126,79966.04500000001
344,50268.45991397,210,174,95579.48
345,50275.68630286,63,55,36294.0
346,50282.48560706,122,114,37713.75
347,50289.49742844,57,53,35725.375
348,50299.10578492,73,65,39116.5
349,50303.46963619,129,116,27745.74
350,50310.48421953,21,19,6000.0
351,50317.54864372,99,86,38024.1
352,50324.45991397,96,73,78662.0
353,50331.47081959,170,136,73926.08
354,50338.90296802,85,65,80508.90000000001
355,50345.57866392,154,116,88385.23999999999
356,50352.53560833,121,99,114022.30000000003
357,50359.62449726,164,117,55629.600000000006
358,50366.46408059,99,73,47803.0
359,50373.62102365,302,247,94971.36000000003
360,50380.52449726,186,160,85267.78
361,50391.14602365,8,8,8.200000000000001
362,50395.37171959,56,38,12532.4
363,50401.58491409,66,57,62114.3
364,50408.47727358,90,61,113101.0
365,50415.8369958,115,75,53434.9
366,50422.80088615,102,79,126371.005
367,50430.24324726,18,18,15829.0
368,50437.30227503,124,83,74769.1
369,50443.97519036,124,97,76966.9
370,50450.66408075,153,105,54991.799999999996
371,50457.71683476,96,76,87318.85
372,50464.70294453,87,60,58162.75
373,50471.53905714,128,94,105257.5
374,50478.5064169,138,116,83838.75
375,50485.5418351,111,85,76548.875
376,50492.45833333,0,0,0.0
377,50499.45833333,0,0,0.0
378,50510.46595321,50,43,7298.831528000001
379,50513.49044653,346,313,80209.54299999999
380,50520.47030752,302,268,124789.08060000003
381,50528.07663615,207,166,58881.9
382,50534.49170556,289,252,70236.62170000002
383,50541.4668353,243,213,98740.55300000001
384,50549.7098924,275,255,114482.05600000004
385,50555.54339699,204,190,115779.39605975755
386,50562.87447554,356,297,102224.52858000004
387,50569.45989221,311,262,106405.69416000009
388,50576.49461443,371,309,145734.47928000003
389,50584.05711443,408,351,167252.25928000003
390,50590.49530888,324,277,112574.18465500002
391,50597.56058666,648,505,284512.273874
392,50604.47708742,743,683,387520.3463069996
393,50611.52646238,818,697,420580.20691999973
394,50618.46079109,532,479,215502.59883530007
395,50625.46702677,1127,941,291291.78299
396,50632.49792824,792,729,288401.7964113001
397,50639.50380046,809,721,272108.21973630006
398,50646.49460159,707,606,418625.50161786086
399,50653.48921296,960,846,423484.0349209053
400,50660.55849066,898,798,390878.51535400026
401,50667.46889297,733,685,383413.8105669996
402,50674.48399892,681,607,410991.63421999995
403,50681.47953152,746,590,512085.5026389997
404,50688.48693287,744,585,378895.53577499907
405,50695.66662635,624,571,424580.0024400002
406,50702.49529876,658,597,401270.78011028754
407,50709.49542824,667,609,281686.752600219
408,50716.48873341,589,489,325530.8960960001
409,50723.46749406,874,707,410514.71747259964
410,50730.48395833,670,575,411866.8331644117
411,50737.46750598,858,770,339335.763027999
412,50744.46522601,717,611,299967.37326860026
413,50751.46040043,791,678,488503.59285597433
414,50758.45849186,681,592,393607.3308824921
415,50765.48685185,812,707,356012.5144028034
416,50772.49074792,679,574,367241.51454300014
417,50779.48584047,702,635,386353.2968660808
418,50786.47475694,730,635,437682.4206385778
419,50793.46170865,421,386,281616.58196464105
420,50800.46629198,661,541,492573.57399200037
421,50807.45849471,610,521,394392.63370600075
422,50814.48627878,716,585,260047.1249102
423,50821.46682801,821,760,286645.81080001657
424,50828.49940972,776,699,462572.97789799934
425,50835.51034722,572,539,678102.7570179998
426,50842.50112975,718,631,435634.9752740016
427,50849.48589973,656,583,363252.6725389003
428,50856.47441825,669,555,403332.2097570007
429,50863.55144378,494,419,272441.2498436002
430,50870.46005787,647,519,596981.509177987
431,50877.46559899,918,709,570188.5023280008
432,50884.50224325,784,704,464053.31873496895
433,50891.48349468,675,611,470720.27729800134
434,50898.4997338,794,715,404807.9548500008
435,50905.47301628,747,685,425596.86552249984
436,50912.4605983,531,462,371748.9399798753
437,50919.45918909,727,670,445764.718123
438,50926.45919054,776,631,489355.0884132359
439,50933.50988503,842,728,489681.1825121325
440,50940.50095818,532,447,334151.54807800025
441,50947.49381632,805,714,520626.24895031436
442,50954.48361111,719,614,460642.7967170012
443,50961.4628125,820,682,526390.3150670006
444,50968.48287037,557,496,455566.3149107988
445,50975.48728009,562,533,498024.727586001
446,50982.66751157,591,535,565988.4055370004
447,50989.51179078,764,652,429274.45522676967
448,50996.48896814,1016,868,623059.4205290008
449,51003.47999772,1007,913,544799.1617088006
450,51010.4994669,998,850,625685.5982882021
451,51017.47099757,876,747,675890.5691061406
452,51024.46377315,974,827,650166.8083360005
453,51031.51164256,979,876,421822.509178129
454,51038.49884109,1004,903,584111.043428001
455,51045.46063657,820,714,487740.37850000145
456,51052.47907172,1028,939,645840.112180066
457,51059.46925883,911,791,413675.17623841343
458,51066.47829622,889,793,469775.49320747587
459,51073.47932902,884,749,424530.0193680401
460,51080.46622685,1188,1040,886443.1139223976
461,51087.5023833,1234,1070,1354382.2622724036
462,51094.50056624,894,767,630128.5284844097
463,51101.50637731,741,637,372710.59276999946
464,51108.50554291,837,707,294017.65547659993
465,51115.4633998,739,653,324220.38487059984
466,51122.47003438,1053,912,354082.738388401
467,51129.46047365,1093,968,346431.97805920034
468,51136.49954772,1029,913,278064.3255350065
469,51143.49877584,1063,888,242665.3140609007
470,51150.47425926,908,791,188326.54977670018
471,51157.46127601,997,889,237567.0362728007
472,51164.46915509,1084,945,194693.02397690085
473,51171.49921296,999,901,206903.75585800086
474,51178.49653271,1076,903,211662.40444000077
475,51185.48279259,772,646,191668.0822174001
476,51192.47654267,526,374,221513.20469900005
477,51199.47527697,426,329,121043.1187915
478,51206.5459873,452,383,173284.97293090002
479,51213.50293186,533,454,177835.117698
480,51220.46265417,479,367,202927.0682329
481,51227.4890417,380,326,148975.16000000003
482,51234.46696895,637,486,227465.81526070018
483,51241.46265443,747,582,287656.22507260006
484,51248.46682118,591,532,204275.20000000004
485,51255.47515459,541,432,237567.1034
486,51262.50773411,530,442,196429.78672460007
487,51269.45848669,664,471,270293.7445602752
488,51276.46473823,440,352,172487.07344920005
489,51283.46973522,519,371,187093.10000000003
490,51290.4617956,368,310,134222.468362
491,51297.48999005,507,395,202624.95000000004
492,51304.4841816,264,228,119534.68673360003
493,51311.45987755,455,374,205911.40909080004
494,51318.52168322,589,429,138068.2381820001
495,51325.51144916,517,452,167627.20000000004
496,51332.48210008,412,346,174608.10509150004
497,51339.47202801,441,335,187695.98000000004
498,51346.46895498,468,382,168495.65000000005
499,51353.46392654,451,360,181137.5999800001
500,51360.48626709,992,941,294189.15
501,51367.47170394,931,897,303740.51527379995
502,51374.47168064,449,312,178422.6000000001
503,51381.4682895,391,300,188090.60000000003
504,51388.46473823,416,336,177733.046909
505,51395.4994473,657,450,151686.09962500006
506,51402.47029541,519,411,212186.93232200004
507,51409.47029549,505,408,212777.60509099998
508,51416.46126635,536,435,200841.74691200003
509,51423.49724765,403,301,195549.0870925
510,51430.49251809,398,337,130878.93418219998
511,51437.46849765,554,485,187108.9891021999
512,51444.52239876,404,339,169625.9
513,51451.62991027,403,298,109818.71000000002
514,51458.49321293,459,365,119920.31112500005
515,51465.48071154,628,551,162294.94723859974
516,51472.46265752,572,468,178848.06500000003
517,51479.45918542,572,469,179495.75100360005
518,51486.4779355,463,398,146235.92782960003
519,51493.46960228,61,61,20040.02946399999
520,51500.45833333,0,0,0.0
521,51507.45833333,0,0,0.0
522,51514.45833333,0,0,0.0
523,51521.45833333,0,0,0.0
524,51528.45833333,0,0,0.0
525,51542.38895532,6,6,1140.0
526,51542.49714977,193,179,37195.76764
527,51553.50780865,150,92,41966.2609604815
528,51556.72517126,180,165,75202.49281462037
529,51563.54205718,337,279,173976.439744
530,51570.45989367,239,182,109472.40000000008
531,51577.51641015,394,298,141458.20292
532,51584.47633939,462,346,215920.71129499993
533,51591.45886273,648,464,236963.63985990005
534,51598.50850517,443,338,145340.601118
535,51605.46058858,531,383,166425.86108802247
536,51612.46197612,334,250,148414.21007034875
537,51619.52036716,320,235,146099.7011201949
538,51626.47167497,468,368,162003.67247997396
539,51633.47170008,451,361,186503.07084000023
540,51640.50225575,392,301,167139.04211706668
541,51647.46470752,328,287,134271.65913617652
542,51654.45920038,375,311,154022.38443217924
543,51661.50225602,279,246,152016.8838876615
544,51668.46822836,349,252,240978.76172748714
545,51675.50572844,370,274,170034.16335993266
546,51682.48072855,375,264,139154.36663181428
547,51689.49662902,456,327,188660.8085441361
548,51696.48281207,317,261,148192.40262338953
549,51703.47170108,414,330,163753.62899191125
550,51710.49253307,422,355,139718.1136636628
551,51717.4737583,402,302,142924.49030388205
552,51724.5286458,346,238,141747.84272053433
553,51731.50711814,373,282,115777.76953576598
554,51738.48013642,483,347,142138.3578072301
555,51745.49600718,456,341,163160.00099259353
556,51752.497289,412,318,202028.96183007848
557,51759.50799459,446,290,131627.20142593182
558,51766.4801142,323,279,131218.8122427743
559,51773.45987381,459,343,172804.61619237775
560,51780.48348356,472,325,134210.51193724686
561,51787.46265177,362,293,159411.8230351033
562,51794.50848519,426,301,169493.31750264173
563,51801.47029086,393,342,148407.45881681124
564,51808.48417983,393,300,166986.81727876875
565,51815.47042647,339,243,112527.41017510802
566,51822.580762,266,210,143819.21449496486
567,51829.47237462,546,308,182190.72860641687
568,51836.51612326,436,314,155639.03475181595
569,51843.46364274,311,246,155689.74339226398
570,51850.52845941,117,103,25577.37030468266
571,51857.46227832,526,388,233548.38538123496
572,51864.46473619,469,394,203127.56624184386
573,51871.477254979996,460,343,167066.49175922506
574,51878.50848642,421,294,207267.95966902556
575,51885.47029942,408,322,192959.26088197174
576,51892.5037598,340,253,161266.60426216622
577,51899.46265336,401,326,184316.5891524181
578,51906.49943128,289,235,158632.04096164927
579,51913.67793137,451,314,201648.77603092435
580,51920.48001478,442,317,197000.56933092492
581,51927.46057045,381,248,173295.79910635372
582,51934.47029274,341,255,210400.17959906717
583,51941.47584841,349,302,335278.1001597278
584,51948.46543183,337,281,254255.1802242361
585,51955.45918052,375,283,160042.84067371915
586,51962.53973762,432,297,173961.1274887819
587,51969.50570992,248,217,119563.93888058171
588,51976.46406073,441,354,157379.66742381148
589,51983.46753302,387,284,173997.80707248207
590,51990.5290827,358,267,148765.09516958223
591,51997.48836655,372,308,275790.07251194736
592,52004.46475556,390,336,246405.7657913066
593,52011.46822786,352,289,154667.3668820056
594,52018.49531131,393,316,164103.01833370238
595,52025.5022544,286,236,116558.34662091754
596,52032.4782264,406,334,173441.46204582136
597,52039.4677979,292,262,131541.45134649688
598,52046.4751728,325,244,164827.0
599,52053.48628399,472,401,149724.74000000002
600,52060.45989522,416,363,173808.55
601,52067.46267311,382,338,182860.7
602,52074.49392318,344,287,127989.14000000001
603,52081.47864552,414,342,159455.90999999997
604,52088.47169973,468,373,155774.84
605,52095.46336794,491,389,125905.0
606,52102.47933881,386,302,154830.15977644082
607,52109.49670147,350,276,189332.1070244523
608,52116.49322936,412,343,172629.14823965155
609,52123.46058912,409,326,177935.70564884783
610,52130.4832504,411,294,138361.26872174535
611,52137.470313,406,291,165783.24044650682
612,52144.46524112,485,362,161768.47881509026
613,52151.49531319,395,290,137691.26489534797
614,52158.50156328,365,269,194113.77311850843
615,52165.45850784,614,338,196187.93424146622
616,52172.4869889,432,294,150305.11648008152
617,52179.46198024,502,328,185880.83702454588
618,52186.4745352,390,301,136690.08966299408
619,52193.47309013,529,366,176169.67531989355
620,52200.4955885,478,399,203563.80093041732
621,52207.46198064,387,266,180397.10484572296
622,52214.47378631,360,288,148477.6262070261
623,52221.47378642,363,268,144637.04735992235
624,52228.50018333,375,281,159388.95342273044
625,52235.4709704,379,324,135522.55119976326
626,52242.50935,287,210,125899.44115232193
627,52249.50087014,438,326,168862.20911966937
628,52256.50503689,414,278,158522.95539095975
629,52263.461287,318,217,132882.6835519772
630,52270.47170378,358,252,136364.55420719367
631,52277.48142608,380,264,156496.50614552983
632,52284.50295397,420,319,165242.45791960435
633,52291.50503738,293,268,158488.82641192866
634,52298.4770147,370,286,172843.85817749242
635,52305.4605917,506,315,166133.06486239808
636,52312.47587103,385,250,146059.76879945118
637,52319.48975856,370,263,113916.45222148858
638,52326.46128793,399,300,178350.33139052242
639,52333.62927057,40,32,10650.83267163951
640,52340.45833333,0,0,0.0
641,52347.62728649,1,1,430.0
642,52355.6174955208,93,81,29197.39065567311
643,52361.49602774,199,152,91825.5566590455
644,52368.60943947,200,143,100415.54262344279
645,52375.47172237,232,191,78736.44527885049
646,52382.4688035532,277,210,103671.32348860322
647,52389.49103727,404,270,144673.44541002295
648,52396.4953338,580,370,218134.79349974438
649,52403.4797069444,262,181,137129.25139582084
650,52410.46424282,388,290,227083.76105804057
651,52417.56325231,552,409,260564.42912788788
652,52424.46096065,546,356,256764.839664676
653,52431.46130656,408,322,244313.51870315807
654,52438.46200108,494,381,273746.53410639253
655,52445.47241786,543,438,314999.3324267633
656,52452.46825131,589,412,412360.06988417916
657,52459.48043542,562,399,428084.3896154456
658,52466.4595917824,505,414,240475.78024581156
659,52473.50158495,514,422,269761.0183517768
660,52480.46639028,1173,1048,500874.7607706429
661,52487.466698842596,655,486,308199.8970725163
662,52494.48769401621,677,511,357977.9613728742
663,52501.49071247,607,458,251792.3907291282
664,52508.45991733,587,437,276000.1633074749
665,52515.655229282405,704,432,259113.35972615535
666,52522.47989714,602,449,279936.30479993764
667,52529.47916667,780,589,305045.22895369795
668,52536.4635400463,737,534,356065.57344631903
669,52543.5159126505,572,430,255952.3732079863
670,52550.46032538,361,321,215762.2801573034
671,52557.47143519,514,423,227599.9880285152
672,52564.46825297,562,460,279131.9322917674
673,52571.4771713,584,446,249070.04050107187
674,52578.4954730671,638,482,428296.4642605329
675,52585.46061439,736,553,446441.372566176
676,52592.46513889,727,545,456634.4001305129
677,52599.46200347,614,421,373729.55937344825
678,52606.4591309028,338,266,233496.62858587393
679,52613.46194444,605,456,389927.81250280776
680,52620.46130934,629,479,361007.34215952817
681,52627.4786453704,559,376,321465.4967027317
682,52634.48547334,604,406,301012.36043080565
683,52641.5292361111,587,445,340116.2288585131
684,52648.46240725694,670,505,368680.5718600591
685,52655.5210411,603,423,303357.11518762604
686,52662.4647798264,235,183,203852.91182763936
687,52669.47424749,579,434,288805.4058341526
688,52676.56562454,455,331,269521.64299966744
689,52683.4592131597,549,396,356222.43370921945
690,52690.4986924421,516,375,264962.7362882818
691,52697.4682294792,578,442,338436.2714700322
692,52704.4946439,627,475,232720.04224900305
693,52711.48873113,608,453,277684.3485105983
694,52718.4808916,573,387,261147.2196426433
695,52725.4621303588,563,424,269269.8761444785
696,52732.4657304051,607,447,331193.7658750322
697,52739.46135520833,381,269,245477.78591998538
698,52746.45972554398,468,310,232211.6564326128
699,52753.50781767,383,278,208978.48921141936
700,52760.4925497,436,336,202941.98159098017
701,52767.46543167824,480,354,235147.28417718742
702,52774.4675402,368,245,175716.6702065609
703,52781.4697489931,567,406,285925.08281266986
704,52788.4724015,470,335,249884.25793331076
705,52797.21005787037,1200,435,380982.1035753338
706,52809.12905092593,1091,478,522678.81391476805
707,52809.48452546296,3915,416,623958.260543983
708,52820.50712962963,954,298,445081.54987572815
709,52823.659953703704,1230,404,407848.6109081379
710,52830.45851323,626,425,251013.90522617454
711,52837.4640689,450,335,238493.28639892387
712,52844.4600625,527,399,288361.18707673217
713,52854.08912037037,6861,477,369329.7696855229
714,52859.483807870376,7743,640,335621.4824325489
715,52865.581562499996,11087,640,391967.01014320477
716,52872.50357638889,19534,1079,653628.0434678023
717,52879.765277777784,10468,815,896084.9753210976
718,52886.47719907407,9639,793,660429.461331726
719,52893.46434027778,8766,726,557893.0847176095
720,52900.59767361112,8128,619,419976.47694945295
721,52907.787476851845,7160,673,770345.3383653046
722,52915.66001157407,18177,996,785103.132058325
723,52922.236851851856,20753,1146,899297.080550275
724,52928.47076388889,30168,1338,726851.689835071
725,52935.45857638889,13993,927,756527.3113174
726,52942.49686061,512,422,351404.7993559567
727,52952.65777777778,2599,579,560615.8468518525
728,52956.568125,859,528,448734.8618023222
729,52964.57304398149,18400,996,728587.5370558155
730,52970.46335648148,33952,1532,648140.2498446704
731,52977.7924074074,8249,708,760844.9141119081
732,52984.5727662037,1232,437,485894.33673243225
733,52991.90255787037,1083,454,532264.4022180228
734,53001.70465277778,2753,488,358232.4737616152
735,53010.3341087963,1809,464,400996.6916865393
736,53013.210023148145,12664,801,627268.0573422578
737,53019.510578703696,26398,1220,680480.3027086477
738,53026.49707175926,13621,909,841988.2814684772
739,53033.75700231482,4751,590,579364.6816749257
740,53040.53822916667,3863,680,1039106.6214136265
741,53049.58329861111,864,550,330008.1407887968
742,53056.9930324074,6423,787,645997.1598561449
743,53061.783576388894,4449,738,634264.9139219125
744,53069.308391203704,7505,759,479566.6579348096
745,53075.61077546296,6849,641,638373.5971193825
746,53082.59778935185,5513,694,481378.3285153932
747,53089.514918981484,16043,913,602172.184339848
748,53096.775370370364,10856,582,536925.6367923325
749,53103.488541666666,15036,679,371021.8127787258
750,53110.474270833336,12846,781,430430.62813196034
751,53118.7622337963,3330,334,223545.4199798795
752,53124.79106481482,5241,611,380055.35351218225
753,53131.50601851852,7848,576,444711.1878702225
754,53138.491365740745,21580,1160,578352.4619229593
755,53145.47624999999,5344,485,421001.1984654756
756,53152.46208333333,5401,445,309199.8927463887
757,53159.58460648148,8486,481,222871.39001301242
758,53166.50162037038,3690,437,277373.8178593035
759,53173.69605324075,4450,420,314707.70813006733
760,53180.619317129625,21585,977,612931.6831493451
761,53187.46655092593,9973,531,548071.0699125928
762,53195.54642361111,4470,252,375285.94745820406
763,53201.50462962963,4733,429,543684.7852908423
764,53208.490347222214,5312,360,199714.54260156184
765,53215.68125,6072,440,415451.2628779989
766,53223.07944444444,16087,910,381746.5727258078
767,53229.459085648145,19623,917,627777.0038944491
768,53236.57539351851,5296,415,409424.3897642004
769,53243.62820601852,6114,397,492923.7672659996
770,53250.61414351852,4567,410,334314.23296199983
771,53257.46398148148,3331,435,474291.1506630002
772,53265.27135416667,11631,664,315740.66117719986
773,53272.18825231481,5075,352,501684.1437183999
774,53279.52574074074,11525,574,569636.9312700015
775,53285.47648148148,5742,484,441655.3548689128
776,53292.54167824075,3763,729,1035244.3866121968
777,53299.51881944445,2489,519,559959.4494569987
778,53306.85704861111,2591,623,427229.6566784015
779,53313.49165509259,2345,471,545196.4772640012
780,53320.47640046296,2732,295,676693.3851492003
781,53327.59815972223,1560,323,382464.7863961011
782,53334.49185397,391,293,221264.55228995997
783,53343.00653935185,2762,315,342530.67498299974
784,53348.55476851852,2487,437,483968.90801120066
785,53356.299375,1173,310,434527.5864450005
786,53362.952511574076,636,315,392769.98047599976
787,53371.22829861112,657,325,473131.8304800006
788,53376.56935185185,3059,437,618947.1105090005
789,53383.48614583333,3782,443,779516.226413931
790,53390.744988425926,1918,244,283010.2840789998
791,53397.867581018516,4823,453,507209.58961900114
792,53404.515637766206,288,224,291388.67323899997
793,53413.16116898148,5197,454,574416.8554979993
794,53418.69086805556,4739,453,398650.5420079996
795,53425.46983796297,15476,859,597540.4208481017
796,53432.52437500001,14960,709,348117.7974959803
797,53439.784039351856,9742,603,648477.7945449995
798,53446.4949074074,4383,450,414352.5191559998
799,53453.68613425925,3152,564,497010.38891999976
800,53460.53584490741,2951,713,357638.39219000033
801,53467.58869212963,5868,1047,433679.34088000195
802,53474.78020833334,2430,506,304083.8133720999
803,53481.835115740745,926,274,246929.57095597955
804,53488.75388888889,7954,623,482200.89915019914
805,53495.464374999996,8933,644,609914.7103989987
806,53502.45880787037,7809,599,468002.1260711992
807,53509.50424768519,7386,624,672776.0326779999
808,53517.05049768519,2922,388,400800.6592560007
809,53525.80253472222,2011,288,291065.63228399993
810,53530.598541666666,2435,307,271855.00690899976
811,53537.65686342593,4123,455,464261.11945598124
812,53544.50393518518,2026,374,405511.0527620008
813,53551.76112268519,1461,489,288033.6564699805
814,53561.21085648148,1576,374,338666.51782300055
815,53565.94797453703,1717,372,316468.93074700003
816,53572.714409722226,3490,290,422877.82510600006
817,53579.90657407407,3081,273,363456.38526599
818,53586.48947916667,2528,260,340179.6349660002
819,53593.46778935185,1242,297,373520.077451
820,53600.99915509259,650,234,211300.6064970003
821,53607.504282407404,1332,365,208040.71005681012
822,53614.490069444444,4646,284,269562.32095800055
823,53621.75166666666,2044,272,324443.31360700034
824,53630.72451388889,633,152,234890.09635
825,53636.47320601851,9499,421,387396.25770204037
826,53642.49969907408,5031,358,330445.16532823065
827,53649.564664351856,2300,259,301532.4773460004
828,53656.470358796294,1826,273,305286.1948559045
829,53663.459340277775,6199,327,332342.8713100006
830,53671.00021990741,17892,698,484934.27339580964
831,53677.494363425925,24966,953,447724.3308139993
832,53684.478900462964,5646,318,278612.92821500055
833,53691.463726851856,10430,471,350103.1541469997
834,53698.45958333333,4535,328,264480.4713600001
835,53705.57015046296,4414,333,340305.43342270027
836,53712.49703703703,3585,280,486933.20420520013
837,53722.28538194445,6877,365,286451.4410910002
838,53726.53009259259,37179,1278,532039.7914259994
839,53733.4587962963,34671,1266,583962.8451209983
840,53740.58347222222,12900,513,443747.29528400063
841,53747.6875,13201,542,279095.2785061002
842,53754.535578703704,8121,367,289880.54394
843,53761.524201388886,7638,396,276342.36135400017
844,53768.51108796296,13875,599,379273.37806100067
845,53775.49429398149,32329,1123,505900.0057920005
846,53782.478321759256,18494,722,318543.0524680002
847,53789.60052083334,22853,870,463754.83388299943
848,53796.459918981476,23050,846,316238.1961699998
849,53803.50072916666,7969,393,246932.67739599972
850,53810.76037037037,6597,394,472228.96711199975
851,53817.47243055556,15319,651,399957.3750739999
852,53824.459768518514,6468,367,220372.03720597998
853,53833.35802083333,1299,248,254598.162568
854,53838.49561342593,706,236,129182.47348200978
855,53847.87871527777,4224,335,173790.40641600004
856,53852.465949074074,3046,276,259453.31390903008
857,53859.518275462964,514,110,195279.14722200003
858,53866.502951388895,363,180,167672.89797400025
859,53875.96387731481,353,224,191032.13212000008
860,53881.98648148149,374,232,174776.84031398
861,53891.433541666665,293,177,175874.1801657001
862,53894.92703703704,320,200,119523.14087599984
863,53902.115706018514,830,191,243557.07199800003
864,53909.30408564815,1137,172,234994.25639800009
865,53915.467453703706,1023,133,327668.9918140003
866,53922.51894675926,7905,415,266585.5139710001
867,53929.63989583333,9829,518,250070.21093826002
868,53936.69488425926,15349,660,234345.72453600002
869,53943.47825231481,28019,929,381293.99890299997
870,53950.46236111111,21199,799,384780.96987801953
871,53957.51357638889,24096,833,446446.69418397994
872,53964.56618055556,16659,677,512395.31289597
873,53971.48260416667,14703,653,444526.88541400037
874,53978.53506944444,18476,710,381417.79502901033
875,53986.00515046297,25405,904,403555.7198720998
876,53992.574479166666,19604,777,386451.188850001
877,53999.49087962963,30222,1034,495006.4591519998
878,54006.47424768518,22170,762,395346.99690100027
879,54013.45885416667,7258,454,275179.01713260013
880,54020.51429398148,15644,566,300991.8320625002
881,54027.84825231481,15768,635,369341.4132799702
882,54034.68793981481,8586,433,351538.4337739799
883,54041.60376157407,38366,1253,432320.3123171895
884,54048.65666666667,20748,783,379965.7006259701
885,54055.50329861111,11065,511,373845.52658800024
886,54062.55680555555,2624,279,246985.22145399993
887,54069.899687499994,5863,251,286376.482218
888,54076.46359953704,17571,680,420515.6609291797
889,54083.459178240744,22982,876,409806.8627629701
890,54090.56805555556,30574,1150,424111.9400869703
891,54097.481990740744,19508,823,434606.06170698017
892,54104.46565972223,16956,702,481437.8782100001
893,54111.45924768518,3571,314,308251.10654980014
894,54119.26141203704,881,429,368039.2997380002
895,54126.452372685184,7689,276,160051.403369
896,54132.47653935185,32850,1114,228843.65457399975
897,54139.52820601852,20752,752,221774.25805800015
898,54146.51278935185,39186,1344,393563.32666199974
899,54153.4969212963,23807,939,431464.49802039954
900,54160.48081018519,13088,525,259069.05819900022
901,54167.466504629636,7874,358,262548.7322150002
902,54174.52335648148,19457,714,264736.62436100014
903,54181.50412037037,26999,957,260131.339184
904,54188.487708333334,13675,610,384070.10578599933
905,54195.610763888886,33411,1340,388047.93101400137
906,54202.45939814815,21928,859,318002.55901700014
907,54209.5797337963,21675,875,357149.19249299995
908,54216.4949074074,18808,843,364478.7736800002
909,54223.479351851856,19721,853,281897.4062040002
910,54230.46296296296,18535,859,204207.31488700054
911,54237.51510416667,16607,725,224028.72889600022
912,54244.63946759259,22314,913,328890.04801800003
913,54251.49047453704,18520,706,312281.2088569999
914,54258.47347222223,23711,951,336981.00663000025
915,54265.459328703706,17656,736,256596.65238600018
916,54272.508101851854,18268,735,246074.46155500066
917,54279.49177083333,21830,930,294448.3152520001
918,54286.4753125,9645,585,241773.84146400008
919,54293.80431712962,13819,692,251147.82371800003
920,54300.45869212963,2527,307,308366.70090199995
921,54307.57070601852,1848,373,423028.14104000025
922,54314.6899537037,6320,419,238163.817419
923,54321.60679398149,16540,701,292198.72104099963
924,54328.45899305555,19247,803,248539.27158300037
925,54336.13542824074,1214,280,140287.96336200004
926,54343.31082175926,8288,396,145572.32221340004
927,54349.47537037037,5513,406,350613.6501649996
928,54356.596666666665,7037,476,953255.9560699988
929,54364.53796296296,5473,720,356597.7402440004
930,54370.63223379629,10617,579,294160.75667619996
931,54377.48133101852,13044,574,408540.19956499955
932,54384.602337962955,21876,847,463737.85110499995
933,54391.45851851852,22463,859,598972.1675589995
934,54398.501342592586,6719,410,333791.8076640001
935,54405.75931712963,1290,250,268879.1003370001
936,54413.44162037037,2244,294,231178.91415822785
937,54419.590254629635,5138,316,266502.63060300023
938,54427.89031249999,2847,310,222297.575895
939,54434.38560185185,355,189,151544.23286899997
940,54440.82681712963,571,331,223880.38119200012
941,54448.15238425926,318,241,191873.16641199993
942,54455.266342592586,1642,328,225078.17423
943,54461.496458333335,5542,385,246487.11081599994
944,54468.96079861111,2436,311,205397.27693100006
945,54475.67555555556,2785,435,567131.7175160001
946,54482.52407407407,3234,348,352085.7705119994
947,54489.50618055555,2012,355,216328.92602899988
948,54497.379108796296,3446,361,402352.68698899937
949,54509.08744212963,976,278,468125.5951529996
950,54510.525243055556,5543,471,618115.6025759989
951,54517.7827662037,3302,363,330340.4648189982
952,54524.49471064815,2907,326,382052.6638529995
953,54531.62238425926,1736,316,394633.91861599963
954,54538.46309027778,1818,251,268205.2840119999
955,54545.92921296297,2364,330,357797.2561439993
956,54552.56873842593,3949,405,928787.2522239996
957,54560.30667824075,1756,366,272898.30364299886
958,54567.0158449074,3051,345,342880.0446129983
959,54573.94872685186,2953,476,245459.17635799875
960,54580.504583333335,2864,309,285915.21669899893
961,54587.62461805556,3661,356,322642.9555939994
962,54595.70375,1851,357,272068.06622399983
963,54601.52658564814,3621,417,468754.2685259993
964,54608.51369212963,2965,423,371995.2803149978
965,54615.49631944444,2492,452,272735.1786189982
966,54622.47868055555,1544,308,205177.46599700008
967,54629.46203703703,1087,414,275695.1391720004
968,54636.4765912,289,194,236411.64179499994
969,54648.83928240741,618,319,172016.66355899977
970,54650.757696759254,2412,316,339037.88848599966
971,54657.47199074074,5430,412,526096.1041719993
972,54664.5230787037,5105,480,293669.164298
973,54671.984259259254,1435,640,253369.77521500117
974,54678.69368055555,4797,490,508346.0127309992
975,54685.47233796296,2332,290,236856.75926999983
976,54693.41371527778,2228,334,680204.475839999
977,54701.01792824073,4525,400,333473.3177350002
978,54707.17958333333,4073,353,273850.82334500016
979,54713.75234953704,2244,301,262411.4739959997
980,54720.460902777784,3275,130,198166.65000000002
981,54727.513287037036,3181,330,204113.80000000002
982,54734.498564814814,3612,188,196104.15
983,54741.482083333336,2931,83,153854.75
984,54748.5339236111,6078,174,203275.75000000015
985,54755.72327546296,6160,176,257845.5999999999
986,54762.50166666667,2515,193,149484.00000000006
987,54770.648576388885,2534,232,178773.5
988,54776.46909722222,2772,218,202994.45000000007
989,54783.66230324074,3368,341,204638.45999999988
990,54790.509780092594,1643,270,531846.8000000003
991,54799.27177083333,572,210,235409.1599999999
992,54805.22792824074,1996,106,158219.79
993,54812.29787037038,3155,164,651168.4899999998
994,54818.8518287037,2485,101,82171.40000000002
995,54826.04195601852,2277,69,68823.9
996,54832.551527777774,5149,294,343164.69999999984
997,54839.67329861111,2971,265,271157.51999999984
998,54846.51813657407,5405,306,359241.27999999956
999,54853.50065972222,4378,290,342588.9499999997
1000,54860.484259259254,1786,176,288328.5
1001,54867.46740740741,2428,235,339674.159999
1002,54874.51945601852,2502,222,328423.6
1003,54881.57438657407,1408,230,271640.2499999998
1004,54888.55922453704,3685,457,354584.9299999998
1005,54895.4730787037,1695,272,239732.24
1006,54902.72988425926,1328,264,252023.40000000002
1007,54909.577835648146,1714,240,263432.66000000003
1008,54916.90423611111,1000,192,198313.0
1009,54923.4762962963,643,205,203590.75
1010,54932.44594907407,638,358,168613.48999999982
1011,54937.58100694445,1804,346,209506.90999999995
1012,54944.49538194445,2800,474,248230.60999999993
1013,54951.478576388894,3153,410,465976.82999999967
1014,54958.73917824074,2302,237,413113.2499999997
1015,54965.93060185185,2238,64,157229.85000000006
1016,54972.50215277777,5544,159,201971.0499999999
1017,54979.48443287037,2044,84,91834.7500000001
1018,54986.46759259259,1905,154,86296.65000000001
1019,54993.51920138889,1774,108,159669.03039824998
1020,55000.57043981481,427,21,22496.295755
1021,55010.64094907407,432,225,24020.57753499987
1022,55014.682025462964,1696,244,90564.38975515726
1023,55021.459016203706,1607,486,120171.98204200038
1024,55030.15210648149,474,277,72935.46110500018
1025,55037.54578703704,544,236,128599.06852400009
1026,55042.825995370375,1594,307,173371.23820900024
1027,55049.526608796295,2232,307,177161.00057000012
1028,55056.78528935185,1916,312,140486.6443209999
1029,55063.8403587963,1130,242,166678.01241145335
1030,55070.89157407408,1220,141,265921.15411800006
1031,55078.01079861111,1631,185,353884.9409210001
1032,55084.87019675926,1116,261,160815.88689100003
1033,55091.4997337963,1210,295,202310.97819100038
1034,55098.83119212963,1226,277,263356.551683
1035,55105.6024537037,1365,311,234099.30687199993
1036,55112.72366898148,1767,327,268646.52008699987
1037,55119.98097222223,1130,253,222411.21582799987
1038,55126.68987268519,1228,154,172476.20817099992
1039,55133.87934027778,829,206,153041.05554200016
1040,55140.66131944444,554,293,193876.47786299983
1041,55147.78452546296,783,238,561636.2335819999
1042,55156.40688657408,514,199,206998.3322739999
1043,55161.47291666667,992,185,243596.11027999996
1044,55169.07212962963,395,226,150703.46570419992
1045,55177.01287037037,389,215,144006.17678100005
1046,55183.5874074074,328,184,147367.53665300025
1047,55189.68561342593,1006,223,208642.69272600015
1048,55197.02129629629,2108,249,243983.120059
1049,55203.51415509259,3081,314,310855.5955409998
1050,55210.49644675926,3607,277,468201.78085299995
1051,55217.479629629626,2995,248,441299.48567999963
1052,55224.462372685186,2422,316,362350.2530119999
1053,55231.92582175926,648,167,267747.674387
1054,55238.56936342592,414,161,270222.22937599994
1055,55248.986134259256,488,173,147519.94902799994
1056,55253.288831018515,1420,375,237835.80802900004
1057,55259.93126157408,1004,254,263403.337498
1058,55266.77664351852,1533,230,328729.3029560001
1059,55273.48626157408,1943,220,228390.94615099992
1060,55280.46878472222,2454,218,213982.72444899994
1061,55287.52099537037,855,215,183679.7536010001
1062,55294.50488425926,1491,186,298375.40173299995
1063,55301.490486111106,1830,245,265715.8766089999
1064,55308.67548611111,1609,323,333052.9990570003
1065,55315.7987037037,886,234,240445.46599699996
1066,55323.53677083333,1016,211,235956.919059
1067,55329.62877314815,996,205,186830.29774400004
1068,55336.52794205,194,168,134119.42505099997
1069,55343.4790625,278,211,148417.62663399996
1070,55350.46877315,262,233,146723.99592799996
1071,55364.40888888889,238,174,153429.64842000004
1072,55366.053495370375,620,186,165863.99412499997
1073,55372.217581018514,1507,474,247921.00607200008
1074,55379.74648148148,1336,261,303607.6906810002
1075,55385.701273148145,2006,325,271902.4419359995
1076,55392.615428240744,2276,263,243353.9104279999
1077,55399.59903935185,3002,343,351054.07018499955
1078,55406.51215277778,1167,205,322077.6513620004
1079,55413.83980324074,1006,222,327101.5131140001
1080,55421.374710648146,1068,289,249069.28101300012
1081,55427.46938657408,914,160,181663.8931520001
1082,55434.72131944444,2078,226,250206.81975000002
1083,55441.49898148148,969,194,152327.3302350001
1084,55454.926412037035,306,156,102484.51188600002
1085,55455.953263888885,1241,215,249407.00926900012
1086,55462.522893518515,1332,205,256115.21022599997
1087,55469.5162037,181,135,136663.43116600005
1088,55476.504553321756,379,283,193103.348508
1089,55489.07996527778,393,104,122041.15377599999
1090,55490.52857638888,1073,151,188235.99328599992
1091,55497.71001157407,619,151,187382.55786200028
1092,55505.58284722223,513,250,225073.57802519976
1093,55513.93695601852,604,318,288156.32546799985
1094,55518.58857638889,807,233,163718.24389600015
1095,55525.7765625,659,240,178728.69701300008
1096,55532.827372685184,1202,185,202505.76945800005
1097,55539.60618055556,1732,172,181411.29124300007
1098,55546.595347222225,2002,334,257437.86804599984
1099,55553.57776620371,2914,330,339698.952552
1100,55560.4902662037,2445,334,416737.7234190008
1101,55567.67748842592,3668,328,403251.3694559996
1102,55574.52315972222,3576,350,385833.5457280001
1103,55581.50561342593,495,188,220632.058367
1104,55589.17357638889,1239,240,239793.2238399998
1105,55595.47535879629,793,178,135171.811572
1106,55602.80530092593,1605,255,248733.716886
1107,55609.92494212963,1684,179,285010.23085500003
1108,55616.55954861111,1599,218,230180.31363799985
1109,55623.611539351856,2425,333,276649.9466939998
1110,55630.52574074074,2493,217,214799.59628600007
1111,55637.50797453704,2500,251,238399.29758199994
1112,55644.49158564815,1281,201,172571.287432
1113,55651.475127314814,2962,277,313215.39058399945
1114,55658.52534722222,1879,217,230138.57624599998
1115,55665.50770833333,1917,241,273361.216667
1116,55672.97233796296,777,153,118109.36685200005
1117,55684.95270833333,752,161,134167.88153500008
1118,55686.458391203705,4422,308,254588.8871270002
1119,55693.50858796296,6649,343,243760.7120209999
1120,55700.490891203706,11379,559,320374.22050399985
1121,55707.47265046296,3894,320,224144.00353200012
1122,55714.52334490741,5515,422,304842.1715389998
1123,55721.85277777777,5421,351,225437.11022200013
1124,55728.50356481481,6735,345,204908.7154000003
1125,55735.47643518519,4461,366,217897.79251400003
1126,55742.52574074074,3799,276,224567.23497500006
1127,55749.64450231481,8880,455,239554.07240000006
1128,55756.55787037037,3701,356,214962.4693780001
1129,55764.09986111111,3753,295,201431.138787
1130,55770.467835648145,5772,400,264123.584882
1131,55777.78429398149,5330,318,203871.38423199992
1132,55784.90243055555,4774,310,232512.586021
1133,55791.472557870366,2736,282,226687.065109
1134,55798.46302083333,2132,244,249102.88894300003
1135,55805.506006944444,4456,297,223875.99873399996
1136,55812.62459490741,6640,427,279496.32944219996
1137,55819.538622685184,7374,397,260960.8786630001
1138,55826.52245370371,8660,392,194292.72709600005
1139,55833.50454861111,4317,267,240169.1728430001
1140,55840.485856481486,10718,497,279820.678734
1141,55847.47010416667,4987,327,192879.35359500008
1142,55854.52171296296,6763,405,221775.14960499996
1143,55861.503611111104,11089,517,278057.3819130002
1144,55868.48447916667,11113,521,346801.7920500004
1145,55875.46618055556,7216,354,223401.43130600004
1146,55882.45956018519,10072,404,221527.55872400012
1147,55889.511550925934,4238,269,279927.9443369998
1148,55896.617256944446,2583,313,250217.880529
1149,55903.467048611106,4141,433,369301.7590629997
1150,55910.51896990741,8087,491,350289.848707
1151,55917.49680555555,12526,685,327277.9218329999
1152,55924.614166666666,11999,596,294225.9121879998
1153,55931.45833333333,10642,528,356492.9668869999
1154,55943.09332175926,1996,185,214309.70092300005
1155,55945.489583333336,2861,298,216303.866587
1156,55952.54379629629,5447,396,275055.416614
1157,55959.458703703705,6593,353,207576.97504599998
1158,55966.48390532,269,202,225031.31961299994
1159,55973.46800856,275,212,255775.647109
1160,55980.45937971065,225,186,145045.26320999992
1161,55987.48699522,359,228,226170.0178490001
1162,55994.6183267,176,129,137550.523658
1163,56001.53453704,308,251,146630.663961
1164,56008.50913194,250,172,128313.78145000001
1165,56015.51735012,420,336,245344.92536400008
1166,56022.49262219,197,145,143504.97149300002
1167,56029.61794013,357,283,169535.98631100002
1168,56036.47170043,204,126,146360.801741
1169,56043.52759865,142,114,195561.31246000004
1170,56050.49333333,212,165,252095.00330600012
1171,56057.46809028,344,249,200978.4559769999
1172,56064.464525460004,329,227,191409.78686699996
1173,56071.72693966435,328,251,300686.2899679999
1174,56078.46197381,257,201,209556.79465599998
1175,56085.48539352,372,337,221983.90838799992
1176,56092.46612269,341,301,96177.07585600017
1177,56099.53568955,417,342,158862.59174700006
1178,56106.51774306,419,345,189513.42959100005
1179,56113.48969549,331,279,268841.567848
1180,56120.57452546,408,272,218470.36093499998
1181,56127.45846065,448,318,308290.38495199993
1182,56134.53915509,205,145,172498.018917
1183,56141.48047454,246,179,228030.49123000004
1184,56148.459198414355,175,129,135587.91193400006
1185,56155.7384375,231,171,237595.91375799998
1186,56162.50715278,175,120,370920.039215
1187,56169.50074074,193,136,309456.1179480001
1188,56176.50579861,316,225,378847.10510099994
1189,56183.6696875,490,302,224114.25807200014
1190,56190.45884094,653,310,101775.59891799976
1191,56197.47914777,248,175,137317.86092300003
1192,56204.46638646,240,182,149151.8154210002
1193,56211.79746351,201,152,95307.53227399997
1194,56218.47351682,214,139,165949.62010000003
1195,56225.47882434,271,196,190613.72357400003
1196,56232.67628472,396,301,245715.90462600003
1197,56239.8542355,230,170,172331.4407889999
1198,56246.48559028,192,126,126492.12881900002
1199,56253.5538877,169,138,132748.07736600004
1200,56260.66476797,182,146,145920.91088200008
1201,56267.57963527,240,174,164266.05862500003
1202,56274.48641204,244,192,178236.14053500007
1203,56281.75512731,199,131,179750.70964300007
1204,56288.4672978,227,168,265637.538505
1205,56295.50061412,412,287,366449.81992699974
1206,56302.46804487,322,248,246027.23661300016
1207,56309.47083191,299,208,131625.3756320004
1208,56316.52041524,274,191,141458.655782
1209,56323.70830856,287,235,109534.58054000007
1210,56330.464375,298,210,173435.49558299995
1211,56337.53015046,76,66,37325.322167944796
1212,56344.49828704,415,275,242307.73119399993
1213,56351.48722361111,326,226,178191.23246052637
1214,56358.46271632,266,222,150592.5140616
1215,56365.51745506,191,138,158327.304048
1216,56372.50324074,156,126,121085.45026100003
1217,56379.48867153,241,169,190626.177418
1218,56386.47467593,298,226,239506.65497499998
1219,56393.4908417,148,117,103805.40436299998
1220,56400.53928515,363,274,249416.51420500004
1221,56407.45845142361,181,144,102473.760863
1222,56414.47583145,230,159,165331.45008000004
1223,56421.47516234954,180,134,193315.25003699996
1224,56428.52505787,302,240,186235.403507
1225,56435.502202048614,321,245,232537.46673100002
1226,56442.69476852,261,209,183796.34279000002
1227,56449.616183530095,281,208,206081.8197039999
1228,56456.4605537,336,242,199222.77295700007
1229,56463.48219117,171,128,88969.03602900002
1230,56470.45880787,286,189,293558.5132849999
1231,56477.51104167,270,208,163524.24458300005
1232,56484.48204861,275,182,126037.67350699997
1233,56491.57044221,273,212,141888.054372
1234,56498.49971589,277,214,151213.464106
1235,56505.5657566,311,206,235632.523138
1236,56512.45994213,299,189,231289.38908900003
1237,56519.66720637,267,178,157886.2723
1238,56526.476058333334,330,228,204983.59633799997
1239,56533.46912612,254,165,144987.54528199992
1240,56540.52425035,244,164,148444.518202
1241,56547.75717010417,203,148,130445.26589400001
1242,56554.68061701,378,231,167839.521351
1243,56561.50351852,220,149,148601.238393
1244,56568.47688657,253,184,247122.7832570002
1245,56575.53131944,313,243,160038.82941400015
1246,56582.57315972,252,199,161912.63012600003
1247,56589.90186343,243,166,159383.825013
1248,56596.59498843,164,129,97664.15285800004
1249,56603.53717593,246,164,181483.4554539999
1250,56610.47706019,166,109,249008.41729899996
1251,56617.52653935,238,169,266215.5836649999
1252,56624.49680814,256,180,176177.86339300007
1253,56631.47126968,254,212,105862.37389300001
1254,56638.46225378,273,213,194979.41724299983
1255,56645.65594907,172,117,115224.24247799996
1256,56652.62556713,217,159,175371.63365900016
1257,56659.51240443,276,212,238501.22744399993
1258,56666.48554398,288,207,268295.1806449998
1259,56673.59858761574,248,159,156741.77361800004
1260,56680.50052705,273,231,143515.7771270001
1261,56687.560231979165,199,166,97217.17464600003
1262,56694.53662037,246,172,187239.86785400004
1263,56701.49679499,280,208,139357.82484
1264,56708.47412037,139,117,155792.378624
1265,56715.54363426,243,184,142449.06926100008
1266,56722.70738029,173,156,102405.92555099992
1267,56729.58666686,200,145,100382.42766900003
1268,56736.49253067,241,156,118198.06070100004
1269,56743.58712006,260,184,119103.73597499992
1270,56750.47229167,244,188,165395.28595800008
1271,56757.48932546,263,223,159092.83746999997
1272,56764.57732639,211,149,161090.64576799996
1273,56771.61817364583,229,178,111975.95278599989
1274,56778.45945656,241,172,125289.643537
1275,56785.51248843,166,125,119097.34482200003
1276,56792.52418981,227,153,129425.79885099997
1277,56799.57402778,291,201,207149.26108399997
1278,56806.47548611,323,227,215953.59361100016
1279,56813.64219907,215,149,146539.448745
1280,56820.54355324,270,197,158786.45219700036
1281,56827.51500189,298,232,187739.210024
1282,56834.4998311,254,180,150615.54764700017
1283,56841.47503885,322,231,128119.73175599995
1284,56848.46036366,392,232,114510.88221799998
1285,56855.47341991,384,271,119878.12788400002
1286,56862.4628873,372,258,97697.188575
1287,56869.47988955,396,271,203129.58112100002
1288,56876.52107017,276,164,250675.87319499996
1289,56883.62185185,387,204,216119.00405700007
1290,56890.46189282,273,178,102721.34441699999
1291,56897.84408565,223,152,245864.19263700023
1292,56904.68565092592,323,236,175359.08075059997
1293,56911.66164938657,296,198,163982.04630699995
1294,56918.52601319,209,142,188436.06109100004
1295,56925.45857639,300,250,198529.86714580035
1296,56932.49188657,227,156,244108.40840600006
1297,56939.61150463,296,219,217378.27316100028
1298,56946.60200231,524,388,110424.227266
1299,56953.60684028,213,159,149392.15724599996
1300,56960.4987037,240,193,166435.83294199992
1301,56967.54011157,340,286,140349.14257150004
1302,56974.58325231,237,196,146589.02025900007
1303,56981.47195262732,200,152,260439.16371900006
1304,56988.54106161,302,240,202666.86897500005
1305,56995.57706693287,201,168,107951.16071000004
1306,57002.47806713,213,151,244106.81268600008
1307,57009.50508102,247,175,242383.39516100002
1308,57016.48625501,158,128,122739.04432499995
1309,57023.48719638,198,172,178979.05598299997
1310,57030.54694444,244,212,139901.54717960002
1311,57037.46138318,414,296,203218.23147599987
1312,57044.55108796,289,212,273353.647748
1313,57051.48925744,277,224,185812.208032
1314,57058.46981481,367,269,214091.33850900008
1315,57065.48082176,235,179,181785.92184000005
1316,57072.75416667,219,152,135686.22594900007
1317,57079.90756944,236,164,130180.56615900013
1318,57086.46336806,224,162,244035.54205199983
1319,57093.4743965625,228,179,257748.33216299996
1320,57100.51456019,261,163,172649.95933399998
1321,57107.47644101,364,231,143747.67810400028
1322,57114.49225691,276,197,245516.79904700007
1323,57121.66467593,280,206,185356.93628399994
1324,57128.52376744,190,140,159667.54654500002
1325,57135.52797454,216,171,234025.095229
1326,57142.6456713,264,201,247186.70164300007
1327,57149.64143519,256,200,219672.39306299997
1328,57156.53232778,201,151,208092.75545099998
1329,57163.49537037,294,244,192093.82151749992
1330,57170.47519676,282,219,253052.87155700003
1331,57178.99252315,212,165,118672.19484000001
1332,57184.52457303241,315,217,169588.309964
1333,57191.48193287,366,271,182244.8491703999
1334,57198.50787037,431,336,205252.08408300017
1335,57205.46350694,396,301,175779.70573899988
1336,57212.49363634,333,302,174084.51051899994
1337,57219.68175926,322,226,303010.8540089998
1338,57226.50415818,360,247,267548.4833300001
1339,57233.46320895,355,276,155942.50349599987
1340,57240.47386855,270,238,127368.57554000009
1341,57247.46680844908,325,261,121244.12969599995
1342,57254.642699571756,235,165,167289.24012999993
1343,57261.54371821,234,186,165774.55603699997
1344,57268.53481481,284,191,225645.15149100023
1345,57275.5562963,405,337,158903.67721800006
1346,57282.57918981,359,305,218846.70666799997
1347,57289.49211806,184,132,190968.62089499997
1348,57296.62611542824,262,204,139591.75546100005
1349,57303.51547882,196,145,170903.208594
1350,57310.6106713,240,195,256163.14899499994
1351,57317.52163194,237,160,217230.46194499987
1352,57324.54274306,197,165,185811.67274500002
1353,57331.49347222,308,217,304945.03636450006
1354,57338.530826504626,165,126,182810.41226900014
1355,57345.50730324,233,168,164189.8337100001
1356,57352.69861189,214,155,113498.70883200003
1357,57359.48497685,275,198,117449.68446300003
1358,57366.54703777,183,133,137682.86336000005
1359,57373.50604167,214,183,191700.024754
1360,57380.71366964,187,136,219534.304727
1361,57388.05172454,179,146,164801.74907
1362,57394.5174537,263,227,157104.41087199995
1363,57401.69287041,158,125,141451.952041
1364,57408.59920139,277,171,151717.25941260005
1365,57415.5130787,321,228,230513.71810599987
1366,57422.47423611,425,346,185112.01047900034
1367,57429.45979934,248,198,129555.97885399997
1368,57436.48859931,186,136,147074.65477700002
1369,57443.57392361,418,236,130114.05017500003
1370,57450.59481481,183,150,120156.28957399992
1371,57457.48265316,154,131,87673.02162000001
1372,57464.46349225,313,249,87185.45567499998
1373,57471.45947561,224,172,126297.71125200002
1374,57478.47480911,224,187,65921.01658200001
1375,57485.5147338,215,199,92822.88099399977
1376,57492.46267361,133,105,141828.96813899998
1377,57499.62655093,181,124,339648.51853400003
1378,57506.49984777,206,151,142441.68941300001
1379,57513.47005784,192,167,127731.56689900001
1380,57520.48515046,268,221,112697.60528499998
1381,57527.57584332,166,124,182974.644915
1382,57534.49418318,192,153,185781.30780899996
1383,57541.4838752,203,163,147097.11153200007
1384,57548.53406725,198,141,188808.97626499998
1385,57555.51755787,169,134,120938.10953599997
1386,57562.494375,219,145,203151.64254099983
1387,57569.45857639,243,194,167303.59333
1388,57576.49815344,216,159,116712.09898139999
1389,57583.55315972,208,144,135610.61555399996
1390,57590.46366898,173,124,171208.08062600007
1391,57597.46270833,194,147,252939.24060800008
1392,57604.50488426,231,171,238544.46479299988
1393,57611.4631713,168,137,116236.01117200004
1394,57618.49349078,168,134,170739.22376199995
1395,57625.56366898,161,136,79245.94131199998
1396,57632.51544672,232,183,186595.50802299997
1397,57639.48503472,175,139,186835.69001900006
1398,57646.46256944,165,121,173096.900758
1399,57653.49571366,236,187,255114.26743500005
1400,57660.48946759,463,350,132410.46295499997
1401,57667.51090278,151,115,144730.701342
1402,57674.46539352,151,119,126736.862253
1403,57681.61310185,198,161,137187.4617420001
1404,57688.66112269,156,115,158994.49885099995
1405,57695.66755787,242,168,158047.132045
1406,57702.51319444,208,145,179030.18184399995
1407,57709.47742809,170,123,174686.88930499993
1408,57716.53438657,362,174,145498.12207699986
1409,57723.49885417,180,126,160705.11799600004
1410,57730.47295737,402,331,177858.105023
1411,57737.48636574,192,146,136517.88288100009
1412,57744.58762731,218,164,119452.26862799996
1413,57751.51015185,233,168,164102.55577999997
1414,57758.48086354167,360,318,114746.02175799997
1415,57765.47689815,150,127,106553.761997
1416,57772.51783056,182,134,94079.98653700002
1417,57779.47742774,449,280,126739.27224900003
1418,57786.50589997,182,129,98678.919862
1419,57793.46477161,283,214,148946.539955
1420,57800.46,202,154,116845.56825199998
1421,57807.49096065,166,134,114667.80700100002
1422,57814.53212963,212,170,112532.72676199992
1423,57821.54568287,163,110,126680.185283
1424,57829.29759259,163,132,129401.08631799997
1425,57835.4928338,221,166,151454.70974799996
1426,57842.50094711,385,245,80754.82522800003
1427,57849.48892361,159,121,161309.345856
1428,57856.64288203,187,147,144900.58582899996
1429,57863.53085648,208,147,140747.263845
1430,57870.51243584,206,138,134437.98758299998
1431,57877.47715142361,173,116,127028.856216
1432,57884.46140046,160,120,135229.78294500004
1433,57891.48189487,222,159,133786.92584900005
1434,57898.638888229165,162,119,89599.37281900001
1435,57905.72195602,224,175,110116.29691799998
1436,57912.47501971,169,140,69931.651491
1437,57919.69142361,139,109,134265.83113400007
1438,57926.75489583,264,202,157805.465491
1439,57933.6105912037,218,152,159638.13080800002
1440,57940.50020833,189,152,134062.97258999996
1441,57947.79195602,147,97,106294.73801900003
1442,57954.70269753,95,76,58325.36488199998
1443,57961.55107832176,203,153,173152.313532
1444,57968.56868056,192,142,176324.05526499997
1445,57975.4684973,192,148,97066.61069300002
1446,57982.51615741,229,121,173080.89581400002
1447,57989.51218457,141,102,123082.46830300005
1448,57996.62280093,158,132,76351.096378
1449,58003.52634259,131,104,75869.788727
1450,58010.52149591,231,164,99311.51357300005
1451,58017.47357639,113,91,115601.53573700001
1452,58024.49936959,152,125,180403.384983
1453,58031.49844907,476,289,236763.292933
1454,58038.47078704,179,149,177167.17012400003
1455,58045.70680556,193,164,110118.83300599997
1456,58052.45846481,223,183,113708.53255099995
1457,58059.46434028,140,107,121836.02314700001
1458,58066.48024745,216,163,130460.04983000005
1459,58073.49392786,134,108,143683.043681
1460,58080.46763889,259,193,78658.4638385
1461,58087.50008102,240,199,119383.85271900009
1462,58094.49108233,472,434,134226.62491999997
1463,58101.51883102,291,246,120719.64643199998
1464,58108.83222272,226,170,119984.46372899997
1465,58115.51351273,447,284,173306.99649789967
1466,58122.60478009,285,201,124234.46959500002
1467,58129.48359954,258,188,167832.75130899998
1468,58136.48957176,233,158,140113.94907399995
1469,58143.50960023,251,167,179126.077388
1470,58150.4597338,374,261,179430.78956910004
1471,58157.529428587965,252,187,178540.21863799987
1472,58164.56175926,255,175,173120.79956299998
1473,58171.55357025,430,259,168421.2524279999
1474,58178.48775135,345,253,129317.06948699987
1475,58185.57447917,145,121,154952.8034729999
1476,58192.45898541667,244,204,173225.38382399993
1477,58199.47039352,187,158,183654.47661300004
1478,58206.45956019,291,210,158586.28324540003
1479,58213.72946501,229,183,166352.99284499997
1480,58220.49712867,291,229,125163.80079849991
1481,58227.50391204,208,166,110936.55296500002
1482,58234.51755594,312,243,194294.17225600017
1483,58241.46825231,255,205,100679.99335100003
1484,58248.4836436,180,149,126672.24982299992
1485,58255.58267188,186,160,91611.00177699998
1486,58262.48056713,274,248,144080.52719199998
1487,58269.49178079,437,361,117931.02309900016
1488,58276.49604167,196,148,112259.05078099997
1489,58283.46234954,228,164,99957.29386600004
1490,58290.53902778,215,171,146662.64499599993
1491,58297.51675818,344,275,150105.62102299999
1492,58304.46084487,316,239,181443.20295099987
1493,58311.47859931,235,203,107980.30816799997
1494,58318.48668939,45752,218,138180.87295299987
1495,58325.46233796,271,221,146575.18018599995
1496,58332.46041285,266,237,137263.02442639993
1497,58339.47527323,213,185,99443.51246350004
1498,58346.48403935,214,176,113075.06591900004
1499,58353.53709564,45536,164,199630.8290111999
1500,58360.61508233,212,160,157490.45434999999
1501,58368.01540726,454,352,168353.28754599983
1502,58374.46009468,297,228,197531.02071399987
1503,58381.4627662,45582,223,209822.73510299972
1504,58388.49488426,261,210,152350.03412299982
1505,58395.50495069,59,47,37070.905957
1506,58402.45833333,0,0,0.0
1507,58410.41568492,45435,16,22809.594416000004
1508,58418.22665509,131,109,123153.688173
1509,58423.60849857639,253,221,85047.65238000003
1510,58430.4989331,627,452,150686.9153775001
1511,58437.51297778,45853,267,201397.28957899995
1512,58444.47085459,340,241,97613.418159
1513,58451.69017512,231,178,104742.93689499998
1514,58458.51380787,266,190,169891.05701020008
1515,58465.46156701,45723,194,147792.10953999995
1516,58472.59682755,256,188,152121.93195000003
1517,58479.68679846,259,195,112722.79083109993
1518,58486.50842735,45757,174,305610.8352499999
1519,58493.47483105,146,118,66234.3
1520,58500.56116346,154,124,64645.14673550001
1521,58507.49927631,298,223,248935.25185599984
1522,58514.51633128,45624,161,154194.94164799992
1523,58521.46324094,260,184,170456.71152999997
1524,58528.52676068,201,175,146862.56684999994
1525,58535.6579169,185,131,206991.79625800005
1526,58542.51297454,45398,125,114142.57119899994
1527,58549.50096675,262,191,135878.781614
1528,58556.71091547,252,179,112266.54043
1529,58563.51735139,45561,170,137596.61496999997
1530,58570.4722125,209,166,140231.099514
1531,58577.91102600694,307,268,100007.81320900012
1532,58584.46210841,257,161,192301.49995300005
1533,58591.46511736,45725,216,167171.16559499982
1534,58598.48459737,162,124,114964.13248000001
1535,58605.46006944,191,137,74560.18775599998
1536,58612.45971331,225,180,128562.8435379999
1537,58619.54640046,45594,173,195688.0901809999
1538,58626.4587963,214,180,195248.10241500012
1539,58633.51836806,163,129,120999.417891
1540,58640.46539352,218,171,125088.33328800002
1541,58647.49447693,45718,294,140460.70057700007
1542,58654.45967431,360,311,160332.8615860002
1543,58661.59753313658,293,233,210247.46800300007
1544,58668.47711806,207,169,155907.59984300003
1545,58675.48892202546,231,196,156867.006559
1546,58682.52603753,45722,196,145944.79166300007
1547,58689.755103159725,291,254,127550.83367599988
1548,58696.46018495,306,256,130543.85294159994
1549,58703.59667824,188,130,84396.573764
1550,58710.54462381,45574,181,138676.810823
1551,58717.47244216,240,185,108719.94634400003
1552,58724.46185185,248,190,154670.206182
1553,58731.46094745,45457,162,168535.20436150013
1554,58738.4777265,153,117,209171.265764
1555,58745.45920228,274,213,196820.78043899997
1556,58752.79768519,394,280,155373.08825800024
1557,58759.47301003,45556,161,125516.04871400009
1558,58766.70494302,250,194,112310.17205699999
1559,58773.45864753,233,198,142487.71029200006
1560,58780.53345084,319,225,228559.15995000006
1561,58787.49444598,45690,210,196276.81047799997
1562,58794.56761574,181,149,111489.39920000001
1563,58801.60525216,384,333,127550.30510800013
1564,58808.60843978,210,170,169251.1552430002
1565,58815.56562943,45605,202,131184.63904810013
1566,58822.50350023,301,223,182983.978709
1567,58829.53325691,202,156,165083.310813
1568,58836.49548611,45772,268,150778.90119899993
1569,58843.52115108,207,137,230388.8807833
1570,58850.51,387,321,120014.80090499997
1571,58857.49763889,259,214,151924.18265500013
1572,58864.47384841435,45736,212,125219.39526500012
1573,58871.57259626,186,164,100616.331884
1574,58878.51730324,617,452,98970.31928599995
1575,58885.45966435,280,218,195026.650898
1576,58892.45851852,45493,170,142385.8784920001
1577,58899.52673958,190,157,84358.45606099999
1578,58906.47304583,227,198,138793.5014360002
1579,58913.47170324,138,130,89488.69649039996
1580,58920.71932462,178,143,119726.05460200003
1581,58927.49972399,45482,168,211363.29082499992
1582,58934.49215663,296,193,139877.012546
1583,58941.56955216,150,129,124208.04813999998
1584,58948.65157098,45659,173,140071.10831100008
1585,58955.75051767,171,129,78201.62176999998
1586,58962.48141204,186,149,91134.72153600003
1587,58969.5765625,211,155,224863.15979300026
1588,58976.52455216,45689,200,198499.5502580002
1589,58983.53988753,191,162,120544.43193400001
1590,58990.62793249,154,124,169968.97380500005
1591,58997.51380787,165,118,99123.43180800001
1592,59004.53756953,45550,161,123171.59000100008
1593,59011.53914352,245,203,88810.0829880999
1594,59018.643436,271,211,98176.4794223
1595,59025.4820122338,145,111,78353.846794
1596,59032.47434772,45793,275,87037.78542099992
1597,59039.56461068,173,118,120496.56655100003
1598,59046.50410787037,354,287,95393.6590410001
1599,59053.45934028,220,178,94338.668009
1600,59060.76611111,45763,196,149196.6299209999
1601,59067.50791693,281,201,206276.98597600005
1602,59074.46150463,395,278,272144.74307100003
1603,59081.49873916,45706,362,143156.2816840001
1604,59088.55232172,206,162,120494.78348700001
1605,59095.63647106,219,148,80913.18504700005
1606,59102.47790089,227,151,126948.34453100001
1607,59109.5591088,45640,241,253859.66137300027
1608,59116.50912037,202,145,208174.65350700004
1609,59123.46413194,168,124,147947.0852830001
1610,59130.47938904,315,270,154361.78628120004
1611,59137.49061343,45610,128,111282.292583
1612,59144.57183696,265,192,198642.145717
1613,59151.51263013,282,218,134017.948002
1614,59158.67108796,208,162,220341.7574329
1615,59165.47521084,345,279,200093.40849190013
1616,59172.51133102,45751,185,209228.8469750001
1617,59179.45945367,223,172,123731.15481799984
1618,59186.49115691,177,115,119303.371952
1619,59193.50781138,429,372,195798.83068100002
1620,59200.6336326736,45604,142,155994.15973299998
1621,59207.60223284,182,145,111249.93160119995
1622,59214.51015559,283,206,197564.11444800012
1623,59221.50608796,45671,177,183123.89879100025
1624,59228.69519039352,202,151,141218.01081699994
1625,59235.46908499,195,139,190219.968375
1626,59242.49010926,232,165,204289.16150300004
1627,59249.6608152,45714,265,200110.781881
1628,59256.48134286,239,173,128015.40495900004
1629,59263.4995660532,210,167,125741.96341300002
1630,59270.56894765,280,234,99129.43591500005
1631,59277.5122048958,75,61,44681.965585000005
1632,59285.0790561,151,108,96091.71200000001
1633,59291.47625451389,313,268,92833.78127600001
1634,59298.54112769676,230,165,131235.89679100006
1635,59305.52949548611,209,139,102370.82120200004
1636,59312.60586790509,170,136,108557.83666799999
1637,59319.486706979165,142,112,102217.19873699991
